,Feature,Importance
16,Expanding_Mean,0.13583753
9,Short_EMA,0.006881156
11,Moving_Average_10,0.0065698833
5,Close_Inverse,0.006292035
13,Upper_Band,0.00617883
4,Log_Close,0.0051518166
1,Close,0.0051358626
2,Square_Root_Close,0.0046278937
15,Long_EMA,0.004477001
7,Moving_Average_5,0.0043664007
6,Moving_Average_3,0.004250844
3,Close_Squared,0.003931219
12,Lower_Band,0.0038920224
14,Moving_Average_15,0.003799498
8,EMA,0.0024065662
10,Rolling_Mean,0.0021624523
0,Cumulative_Returns,0.001291392
