,Feature,Importance
10,Expanding_Mean,0.07816175
9,Long_EMA,0.021846019
7,Moving_Average_15,0.0112228915
4,Short_EMA,0.008410109
8,Upper_Band,0.008198852
5,Rolling_Mean,0.0041827993
3,EMA,0.004161894
6,Moving_Average_10,0.0036042393
1,Log_Close,0.0028260606
0,Square_Root_Close,0.0021400973
2,Moving_Average_5,0.0011343211
