,Feature,Importance
9,Expanding_Mean,0.09049256
8,Long_EMA,0.00799301
6,Moving_Average_10,0.0062879184
1,Log_Close,0.005519639
4,Short_EMA,0.005146219
7,Moving_Average_15,0.0040995786
3,EMA,0.0030653675
5,Rolling_Mean,0.0021312386
2,Moving_Average_5,0.0018757626
0,Square_Root_Close,0.0015546748
