,Feature,Importance
9,Lower_Band,0.14795166
7,Moving_Average_15,0.023306182
6,Long_EMA,0.016971618
2,Short_EMA,0.011660193
5,Moving_Average_10,0.009496285
0,Square_Root_Close,0.009467725
3,Log_Close,0.009067059
8,Expanding_Mean,0.008795047
4,Rolling_Mean,0.008702844
1,EMA,0.007238225
