,Feature,Importance
8,Expanding_Mean,0.10429658
7,Long_EMA,0.008082514
2,EMA,0.0051756585
0,Square_Root_Close,0.0043018837
5,Moving_Average_10,0.0036520096
6,Moving_Average_15,0.003080117
1,Log_Close,0.0027047
3,Short_EMA,0.002653894
4,Rolling_Mean,0.0021228928
