,Feature,Importance
8,Expanding_Mean,0.09386636
2,EMA,0.0050787902
4,Rolling_Mean,0.004649564
6,Moving_Average_15,0.00419093
1,Log_Close,0.0026238246
7,Long_EMA,0.0025865498
0,Square_Root_Close,0.002543153
5,Moving_Average_10,0.0021680305
3,Short_EMA,0.0021670556
