,Feature,Importance
9,Expanding_Mean,0.122213386
5,Upper_Band,0.008390298
2,Moving_Average_3,0.0057915603
0,Square_Root_Close,0.0051997155
6,Short_EMA,0.004505126
8,Long_EMA,0.0041697854
7,Moving_Average_15,0.0038543574
3,Moving_Average_5,0.0037102543
4,EMA,0.0026738911
1,Log_Close,0.0019859988
