,Feature,Importance
9,Expanding_Mean,0.08595878
7,Long_EMA,0.0145382285
6,Moving_Average_15,0.010377575
2,EMA,0.0058860914
5,Moving_Average_10,0.005664498
3,Short_EMA,0.0043549016
1,Log_Close,0.003463767
0,Square_Root_Close,0.002832443
8,Upper_Band,0.0026677423
4,Rolling_Mean,0.0016445784
