,Feature,Importance
7,Expanding_Mean,0.092131704
0,Square_Root_Close,0.009101139
4,Moving_Average_10,0.008057156
6,Long_EMA,0.0077957986
2,Short_EMA,0.0068176882
1,Log_Close,0.005075113
5,Moving_Average_15,0.0040591336
3,Rolling_Mean,0.0036599361
