,Feature,Importance
10,Expanding_Mean,0.09337311
9,Long_EMA,0.012344611
3,EMA,0.0077727484
0,Square_Root_Close,0.007101386
8,Moving_Average_15,0.005441406
5,Rolling_Mean,0.0043659
2,Moving_Average_5,0.00400016
1,Log_Close,0.0038946741
4,Short_EMA,0.0037821077
6,Moving_Average_10,0.0027651612
7,Upper_Band,0.0023768567
