,Feature,Importance
16,Expanding_Mean,0.09570738
1,Close,0.0083204135
13,Moving_Average_15,0.0072126174
15,Long_EMA,0.0062414347
7,Moving_Average_5,0.005548082
9,Short_EMA,0.005190787
14,Lower_Band,0.0042054686
0,Cumulative_Returns,0.004187068
3,Close_Squared,0.0039532306
4,Log_Close,0.0038925163
6,Close_Inverse,0.0038656704
12,Upper_Band,0.0038387708
8,EMA,0.003226269
10,Rolling_Mean,0.00297486
11,Moving_Average_10,0.0026826912
2,Square_Root_Close,0.0021021306
5,Moving_Average_3,0.001963209
