,Feature,Importance
10,Expanding_Mean,0.08876134
8,Long_EMA,0.009149986
2,Moving_Average_5,0.007268901
7,Moving_Average_15,0.0063277693
0,Square_Root_Close,0.004259961
1,Log_Close,0.0036727309
3,EMA,0.0029380273
6,Moving_Average_10,0.0025259547
5,Rolling_Mean,0.0022328175
9,Upper_Band,0.0019464014
4,Short_EMA,0.0014733726
