,Feature,Importance
10,Expanding_Mean,0.09055044
6,Moving_Average_10,0.0072979415
1,Log_Close,0.0058624363
2,Moving_Average_5,0.005012607
5,Rolling_Mean,0.004792378
0,Square_Root_Close,0.0037117943
7,Upper_Band,0.002405289
8,Moving_Average_15,0.0024038027
9,Long_EMA,0.0021869666
3,EMA,0.0021342817
4,Short_EMA,0.001309738
