,Feature,Importance
10,Expanding_Mean,0.09578903
4,Short_EMA,0.0042898254
3,EMA,0.0041309716
9,Long_EMA,0.0039597065
0,Square_Root_Close,0.003056104
8,Moving_Average_15,0.0030129119
2,Moving_Average_3,0.0024450356
7,Lower_Band,0.0022476907
6,Moving_Average_10,0.0017737221
5,Rolling_Mean,0.0017737134
1,Log_Close,0.0015720788
