,Feature,Importance
12,Lower_Band,0.10774585
4,Upper_Band,0.06784599
10,Moving_Average_15,0.038450055
8,Moving_Average_10,0.03060118
6,Short_EMA,0.027716732
3,Moving_Average_5,0.025994796
9,Long_EMA,0.025493398
7,Rolling_Mean,0.024878655
0,Square_Root_Close,0.021397093
5,EMA,0.019170128
1,Moving_Average_3,0.018719336
2,Log_Close,0.018253729
11,Expanding_Mean,0.009807143
