,Feature,Importance
9,Expanding_Mean,0.08960551
8,Long_EMA,0.012186261
3,Short_EMA,0.008351216
5,Moving_Average_10,0.007298795
7,Moving_Average_15,0.0060004676
2,EMA,0.005426624
0,Square_Root_Close,0.00415072
1,Log_Close,0.003426402
6,Upper_Band,0.0024824669
4,Rolling_Mean,0.0022685002
